<?xml version="1.0" encoding="utf-8"?>
<ArrayOfProp_Dtls xmlns:xsi="http://www.w3.org/2001/XMLSchema-instance" xmlns:xsd="http://www.w3.org/2001/XMLSchema">
  <Prop_Dtls>
    <ProdId>0</ProdId>
    <Model_Price>0</Model_Price>
    <ModelSalPrice>0</ModelSalPrice>
  </Prop_Dtls>
  <Prop_Dtls>
    <ProdId>10001</ProdId>
    <Model_Id>MLA01</Model_Id>
    <Model_Price>200</Model_Price>
    <Prod_date>11/27/2006</Prod_date>
    <Model_date>12/20/2006</Model_date>
    <Flag>Not Valid</Flag>
    <ModelSalPrice>0</ModelSalPrice>
  </Prop_Dtls>
  <Prop_Dtls>
    <ProdId>10002</ProdId>
    <Model_Id>ML331</Model_Id>
    <Model_Price>100</Model_Price>
    <Prod_date>10/27/2006</Prod_date>
    <Model_date>12/17/2006</Model_date>
    <Flag>Not Valid</Flag>
    <ModelSalPrice>0</ModelSalPrice>
  </Prop_Dtls>
  <Prop_Dtls>
    <ProdId>10003</ProdId>
    <Model_Id>ML341</Model_Id>
    <Model_Price>500</Model_Price>
    <Prod_date>12/27/2006</Prod_date>
    <Model_date>12/17/2006</Model_date>
    <Flag>Valid</Flag>
    <ModelSalPrice>0</ModelSalPrice>
  </Prop_Dtls>
  <Prop_Dtls>
    <ProdId>10004</ProdId>
    <Model_Id>ML351</Model_Id>
    <Model_Price>1200</Model_Price>
    <Prod_date>12/27/2006</Prod_date>
    <Model_date>12/17/2006</Model_date>
    <Flag>Valid</Flag>
    <ModelSalPrice>0</ModelSalPrice>
  </Prop_Dtls>
  <Prop_Dtls>
    <ProdId>10005</ProdId>
    <Model_Id>ML361</Model_Id>
    <Model_Price>200</Model_Price>
    <Prod_date>12/27/2006</Prod_date>
    <Model_date>12/17/2006</Model_date>
    <Flag>Valid</Flag>
    <ModelSalPrice>0</ModelSalPrice>
  </Prop_Dtls>
  <Prop_Dtls>
    <ProdId>10006</ProdId>
    <Model_Id>ML371</Model_Id>
    <Model_Price>100</Model_Price>
    <Prod_date>12/27/2006</Prod_date>
    <Model_date>12/17/2006</Model_date>
    <Flag>Valid</Flag>
    <ModelSalPrice>0</ModelSalPrice>
  </Prop_Dtls>
  <Prop_Dtls>
    <ProdId>10007</ProdId>
    <Model_Id>ML223</Model_Id>
    <Model_Price>500</Model_Price>
    <Prod_date>12/27/2006</Prod_date>
    <Model_date>12/27/2006</Model_date>
    <Flag>Valid</Flag>
    <ModelSalPrice>0</ModelSalPrice>
  </Prop_Dtls>
  <Prop_Dtls>
    <ProdId>10008</ProdId>
    <Model_Id>ML2017</Model_Id>
    <Model_Price>1200</Model_Price>
    <Prod_date>12/27/2006</Prod_date>
    <Model_date>12/20/2006</Model_date>
    <Flag>Valid</Flag>
    <ModelSalPrice>0</ModelSalPrice>
  </Prop_Dtls>
  <Prop_Dtls>
    <ProdId>10009</ProdId>
    <Model_Id>ML201</Model_Id>
    <Model_Price>200</Model_Price>
    <Prod_date>12/27/2006</Prod_date>
    <Model_date>12/19/2006</Model_date>
    <Flag>Valid</Flag>
    <ModelSalPrice>0</ModelSalPrice>
  </Prop_Dtls>
  <Prop_Dtls>
    <ProdId>10010</ProdId>
    <Model_Id>ML203</Model_Id>
    <Model_Price>100</Model_Price>
    <Prod_date>12/27/2006</Prod_date>
    <Model_date>12/23/2006</Model_date>
    <Flag>Valid</Flag>
    <ModelSalPrice>0</ModelSalPrice>
  </Prop_Dtls>
  <Prop_Dtls>
    <ProdId>10011</ProdId>
    <Model_Id>ML789</Model_Id>
    <Model_Price>500</Model_Price>
    <Prod_date>12/27/2006</Prod_date>
    <Model_date>12/17/2006</Model_date>
    <Flag>Valid</Flag>
    <ModelSalPrice>0</ModelSalPrice>
  </Prop_Dtls>
  <Prop_Dtls>
    <ProdId>10012</ProdId>
    <Model_Id>ML689</Model_Id>
    <Model_Price>1200</Model_Price>
    <Prod_date>12/27/2006</Prod_date>
    <Model_date>12/17/2006</Model_date>
    <Flag>Valid</Flag>
    <ModelSalPrice>0</ModelSalPrice>
  </Prop_Dtls>
</ArrayOfProp_Dtls>