<?xml version="1.0"?>
<ArrayOfProperty xmlns:xsi="http://www.w3.org/2001/XMLSchema-instance" xmlns:xsd="http://www.w3.org/2001/XMLSchema">
  <Property>
    <RawProdId>Test1</RawProdId>
    <ProdId>0</ProdId>
    <ModelId>ML321</ModelId>
    <ModelPrice>256</ModelPrice>
    <ProdDate>11/27/2006</ProdDate>
    <ModelDate>12/20/2006</ModelDate>
    <ModelSalePrice>0</ModelSalePrice>
  </Property>
  <Property>
    <RawProdId>10001</RawProdId>
    <ProdId>0</ProdId>
    <ModelId>MLA01</ModelId>
    <ModelPrice>200</ModelPrice>
    <ProdDate>11/27/2006</ProdDate>
    <ModelDate>12/20/2006</ModelDate>
    <ModelSalePrice>0</ModelSalePrice>
  </Property>
  <Property>
    <RawProdId>10002</RawProdId>
    <ProdId>0</ProdId>
    <ModelId>ML331</ModelId>
    <ModelPrice>100</ModelPrice>
    <ProdDate>10/27/2006</ProdDate>
    <ModelDate>12/17/2006</ModelDate>
    <ModelSalePrice>0</ModelSalePrice>
  </Property>
  <Property>
    <RawProdId>10003</RawProdId>
    <ProdId>0</ProdId>
    <ModelId>ML341</ModelId>
    <ModelPrice>500</ModelPrice>
    <ProdDate>12/17/2006</ProdDate>
    <ModelDate>10/27/2006</ModelDate>
    <ModelSalePrice>0</ModelSalePrice>
  </Property>
  <Property>
    <RawProdId>10004</RawProdId>
    <ProdId>0</ProdId>
    <ModelId>ML351</ModelId>
    <ModelPrice>1200</ModelPrice>
    <ProdDate>12/27/2006</ProdDate>
    <ModelDate>10/17/2006</ModelDate>
    <ModelSalePrice>0</ModelSalePrice>
  </Property>
  <Property>
    <RawProdId>10005</RawProdId>
    <ProdId>0</ProdId>
    <ModelId>ML361</ModelId>
    <ModelPrice>200</ModelPrice>
    <ProdDate>12/27/2006</ProdDate>
    <ModelDate>10/17/2006</ModelDate>
    <ModelSalePrice>0</ModelSalePrice>
  </Property>
  <Property>
    <RawProdId>10006</RawProdId>
    <ProdId>0</ProdId>
    <ModelId>ML371</ModelId>
    <ModelPrice>100</ModelPrice>
    <ProdDate>12/27/2006</ProdDate>
    <ModelDate>10/17/2006</ModelDate>
    <ModelSalePrice>0</ModelSalePrice>
  </Property>
  <Property>
    <RawProdId>10007</RawProdId>
    <ProdId>0</ProdId>
    <ModelId>ML223</ModelId>
    <ModelPrice>500</ModelPrice>
    <ProdDate>12/27/2006</ProdDate>
    <ModelDate>11/27/2006</ModelDate>
    <ModelSalePrice>0</ModelSalePrice>
  </Property>
  <Property>
    <RawProdId>10008</RawProdId>
    <ProdId>0</ProdId>
    <ModelId>ML2017</ModelId>
    <ModelPrice>1200</ModelPrice>
    <ProdDate>12/27/2006</ProdDate>
    <ModelDate>11/20/2006</ModelDate>
    <ModelSalePrice>0</ModelSalePrice>
  </Property>
  <Property>
    <RawProdId>10009</RawProdId>
    <ProdId>0</ProdId>
    <ModelId>ML201</ModelId>
    <ModelPrice>200</ModelPrice>
    <ProdDate>12/27/2006</ProdDate>
    <ModelDate>12/19/2006</ModelDate>
    <ModelSalePrice>0</ModelSalePrice>
  </Property>
  <Property>
    <RawProdId>10010</RawProdId>
    <ProdId>0</ProdId>
    <ModelId>ML203</ModelId>
    <ModelPrice>100</ModelPrice>
    <ProdDate>12/27/2006</ProdDate>
    <ModelDate>10/23/2006</ModelDate>
    <ModelSalePrice>0</ModelSalePrice>
  </Property>
  <Property>
    <RawProdId>10011</RawProdId>
    <ProdId>0</ProdId>
    <ModelId>ML789</ModelId>
    <ModelPrice>500</ModelPrice>
    <ProdDate>12/27/2006</ProdDate>
    <ModelDate>12/17/2006</ModelDate>
    <ModelSalePrice>0</ModelSalePrice>
  </Property>
  <Property>
    <RawProdId>10012</RawProdId>
    <ProdId>0</ProdId>
    <ModelId>ML689</ModelId>
    <ModelPrice>1200</ModelPrice>
    <ProdDate>12/27/2006</ProdDate>
    <ModelDate>12/17/2006</ModelDate>
    <ModelSalePrice>0</ModelSalePrice>
  </Property>
</ArrayOfProperty>